user_id,month,year,txn_count,spend
user_001,1,2025,16,236.00
user_001,2,2025,1,264.95
user_001,3,2025,5,290.09
user_001,4,2025,14,114.98
user_001,5,2025,10,417.61
user_001,6,2025,17,150.16
user_001,7,2025,4,111.57
user_001,8,2025,14,192.17
user_001,9,2025,3,162.23
user_001,10,2025,14,523.67
user_001,11,2025,17,292.47
user_001,12,2025,18,222.55
user_002,1,2025,19,149.92
user_002,2,2025,8,315.15
user_002,3,2025,8,116.65
user_002,4,2025,10,496.68
user_002,5,2025,17,346.86
user_002,6,2025,19,299.38
user_002,7,2025,13,450.75
user_002,8,2025,1,317.55
user_002,9,2025,14,112.83
user_002,10,2025,12,543.99
user_002,11,2025,2,83.34
user_002,12,2025,16,65.74
user_003,1,2025,15,252.53
user_003,2,2025,20,333.26
user_003,3,2025,7,346.63
user_003,4,2025,8,364.21
user_003,5,2025,14,383.33
user_003,6,2025,10,50.91
user_003,7,2025,11,297.47
user_003,8,2025,17,408.01
user_003,9,2025,12,222.98
user_003,10,2025,16,316.28
user_003,11,2025,18,99.07
user_003,12,2025,15,219.01
user_004,1,2025,13,446.13
user_004,2,2025,6,408.73
user_004,3,2025,20,441.51
user_004,4,2025,20,530.20
user_004,5,2025,19,446.12
user_004,6,2025,10,57.22
user_004,7,2025,3,123.73
user_004,8,2025,7,420.75
user_004,9,2025,20,531.52
user_004,10,2025,16,366.50
user_004,11,2025,8,484.28
user_004,12,2025,16,255.55
user_005,1,2025,2,410.16
user_005,2,2025,13,391.97
user_005,3,2025,7,218.59
user_005,4,2025,16,306.24
user_005,5,2025,1,67.88
user_005,6,2025,10,210.26
user_005,7,2025,4,286.21
user_005,8,2025,20,260.79
user_005,9,2025,14,136.12
user_005,10,2025,16,454.56
user_005,11,2025,1,396.52
user_005,12,2025,4,188.36
user_006,1,2025,12,55.81
user_006,2,2025,15,315.48
user_006,3,2025,2,546.13
user_006,4,2025,10,454.35
user_006,5,2025,2,480.87
user_006,6,2025,20,431.33
user_006,7,2025,4,511.98
user_006,8,2025,12,199.39
user_006,9,2025,1,463.02
user_006,10,2025,3,137.51
user_006,11,2025,4,216.49
user_006,12,2025,1,223.39
user_007,1,2025,6,542.48
user_007,2,2025,14,308.92
user_007,3,2025,5,422.09
user_007,4,2025,15,107.19
user_007,5,2025,7,109.56
user_007,6,2025,18,247.71
user_007,7,2025,20,410.57
user_007,8,2025,10,447.09
user_007,9,2025,3,514.03
user_007,10,2025,18,202.21
user_007,11,2025,6,308.08
user_007,12,2025,18,62.76
user_008,1,2025,17,178.31
user_008,2,2025,2,98.97
user_008,3,2025,19,127.48
user_008,4,2025,7,446.69
user_008,5,2025,16,98.47
user_008,6,2025,15,486.22
user_008,7,2025,20,205.28
user_008,8,2025,11,70.76
user_008,9,2025,15,484.17
user_008,10,2025,15,254.37
user_008,11,2025,12,371.99
user_008,12,2025,6,525.93
user_009,1,2025,10,246.66
user_009,2,2025,17,508.16
user_009,3,2025,4,120.45
user_009,4,2025,11,186.48
user_009,5,2025,8,240.85
user_009,6,2025,18,449.67
user_009,7,2025,10,316.42
user_009,8,2025,10,205.64
user_009,9,2025,9,195.29
user_009,10,2025,13,331.67
user_009,11,2025,3,464.16
user_009,12,2025,4,194.13
user_010,1,2025,10,50.15
user_010,2,2025,11,275.56
user_010,3,2025,5,93.20
user_010,4,2025,16,192.28
user_010,5,2025,16,209.96
user_010,6,2025,17,304.97
user_010,7,2025,3,533.67
user_010,8,2025,17,127.53
user_010,9,2025,6,183.58
user_010,10,2025,18,259.40
user_010,11,2025,13,119.50
user_010,12,2025,6,369.64
user_011,1,2025,7,442.96
user_011,2,2025,5,61.60
user_011,3,2025,5,222.96
user_011,4,2025,17,50.13
user_011,5,2025,20,361.97
user_011,6,2025,6,315.89
user_011,7,2025,3,220.16
user_011,8,2025,4,324.77
user_011,9,2025,4,159.71
user_011,10,2025,13,324.85
user_011,11,2025,11,419.70
user_011,12,2025,11,243.13
user_012,1,2025,12,186.89
user_012,2,2025,16,117.42
user_012,3,2025,2,386.51
user_012,4,2025,15,386.60
user_012,5,2025,4,527.72
user_012,6,2025,16,328.61
user_012,7,2025,9,136.07
user_012,8,2025,9,98.30
user_012,9,2025,5,217.71
user_012,10,2025,4,234.27
user_012,11,2025,3,118.27
user_012,12,2025,13,525.25
user_013,1,2025,1,402.02
user_013,2,2025,18,275.68
user_013,3,2025,9,166.12
user_013,4,2025,11,414.64
user_013,5,2025,7,70.09
user_013,6,2025,10,277.38
user_013,7,2025,6,455.79
user_013,8,2025,10,405.78
user_013,9,2025,4,353.22
user_013,10,2025,19,538.45
user_013,11,2025,1,124.61
user_013,12,2025,12,210.40
user_014,1,2025,17,167.96
user_014,2,2025,9,436.10
user_014,3,2025,18,126.64
user_014,4,2025,6,345.14
user_014,5,2025,4,227.20
user_014,6,2025,2,517.60
user_014,7,2025,20,301.48
user_014,8,2025,13,59.64
user_014,9,2025,13,50.96
user_014,10,2025,12,371.30
user_014,11,2025,2,536.33
user_014,12,2025,16,216.53
user_015,1,2025,7,62.04
user_015,2,2025,7,229.34
user_015,3,2025,2,472.98
user_015,4,2025,6,397.48
user_015,5,2025,7,272.86
user_015,6,2025,8,531.53
user_015,7,2025,7,340.14
user_015,8,2025,11,495.34
user_015,9,2025,8,100.92
user_015,10,2025,14,140.14
user_015,11,2025,9,187.66
user_015,12,2025,15,362.63
user_016,1,2025,12,88.47
user_016,2,2025,19,122.87
user_016,3,2025,8,484.35
user_016,4,2025,16,391.92
user_016,5,2025,18,528.19
user_016,6,2025,9,273.87
user_016,7,2025,17,268.70
user_016,8,2025,15,367.17
user_016,9,2025,3,188.27
user_016,10,2025,17,264.16
user_016,11,2025,10,419.09
user_016,12,2025,1,304.24
user_017,1,2025,17,423.00
user_017,2,2025,2,96.72
user_017,3,2025,7,491.94
user_017,4,2025,18,288.87
user_017,5,2025,18,251.45
user_017,6,2025,3,255.74
user_017,7,2025,5,395.59
user_017,8,2025,18,228.31
user_017,9,2025,5,335.81
user_017,10,2025,8,493.08
user_017,11,2025,2,145.71
user_017,12,2025,3,397.10
user_018,1,2025,5,258.24
user_018,2,2025,3,250.75
user_018,3,2025,11,505.11
user_018,4,2025,19,420.09
user_018,5,2025,12,450.07
user_018,6,2025,11,355.45
user_018,7,2025,3,386.39
user_018,8,2025,14,431.61
user_018,9,2025,5,96.96
user_018,10,2025,3,410.84
user_018,11,2025,15,393.06
user_018,12,2025,9,127.26
user_019,1,2025,19,546.71
user_019,2,2025,9,492.41
user_019,3,2025,14,275.99
user_019,4,2025,13,225.22
user_019,5,2025,7,535.52
user_019,6,2025,20,505.07
user_019,7,2025,6,474.74
user_019,8,2025,13,530.53
user_019,9,2025,11,423.54
user_019,10,2025,7,483.36
user_019,11,2025,16,426.17
user_019,12,2025,20,353.83
user_020,1,2025,3,83.41
user_020,2,2025,5,433.36
user_020,3,2025,2,199.86
user_020,4,2025,17,516.43
user_020,5,2025,12,180.41
user_020,6,2025,4,115.52
user_020,7,2025,15,70.21
user_020,8,2025,7,269.98
user_020,9,2025,3,481.51
user_020,10,2025,6,159.19
user_020,11,2025,11,376.44
user_020,12,2025,4,469.50
user_021,1,2025,19,177.42
user_021,2,2025,13,278.00
user_021,3,2025,12,152.79
user_021,4,2025,7,405.44
user_021,5,2025,17,351.08
user_021,6,2025,2,86.87
user_021,7,2025,13,216.96
user_021,8,2025,1,548.08
user_021,9,2025,1,470.11
user_021,10,2025,7,319.89
user_021,11,2025,14,406.57
user_021,12,2025,15,174.45
user_022,1,2025,16,78.61
user_022,2,2025,1,423.76
user_022,3,2025,6,402.18
user_022,4,2025,2,332.82
user_022,5,2025,12,368.68
user_022,6,2025,9,394.43
user_022,7,2025,10,211.48
user_022,8,2025,7,148.71
user_022,9,2025,11,113.70
user_022,10,2025,17,458.46
user_022,11,2025,4,86.72
user_022,12,2025,15,462.24
user_023,1,2025,13,271.26
user_023,2,2025,10,150.13
user_023,3,2025,1,433.80
user_023,4,2025,1,413.14
user_023,5,2025,18,206.46
user_023,6,2025,16,84.97
user_023,7,2025,16,296.11
user_023,8,2025,7,391.48
user_023,9,2025,16,189.67
user_023,10,2025,5,160.33
user_023,11,2025,13,489.14
user_023,12,2025,5,198.74
user_024,1,2025,8,441.23
user_024,2,2025,1,117.95
user_024,3,2025,13,455.57
user_024,4,2025,13,201.95
user_024,5,2025,5,433.51
user_024,6,2025,3,160.75
user_024,7,2025,19,104.56
user_024,8,2025,8,477.57
user_024,9,2025,8,462.62
user_024,10,2025,3,264.70
user_024,11,2025,2,73.69
user_024,12,2025,11,331.92
user_025,1,2025,9,125.48
user_025,2,2025,8,154.30
user_025,3,2025,11,526.12
user_025,4,2025,6,270.50
user_025,5,2025,3,516.82
user_025,6,2025,3,337.55
user_025,7,2025,8,260.40
user_025,8,2025,4,158.96
user_025,9,2025,8,101.88
user_025,10,2025,7,179.64
user_025,11,2025,10,137.99
user_025,12,2025,15,324.35
user_026,1,2025,19,360.44
user_026,2,2025,17,350.10
user_026,3,2025,19,531.62
user_026,4,2025,19,338.73
user_026,5,2025,20,293.21
user_026,6,2025,12,270.32
user_026,7,2025,12,125.83
user_026,8,2025,11,401.93
user_026,9,2025,4,361.81
user_026,10,2025,12,542.20
user_026,11,2025,4,347.02
user_026,12,2025,16,316.25
user_027,1,2025,4,113.08
user_027,2,2025,2,84.24
user_027,3,2025,1,162.42
user_027,4,2025,7,168.09
user_027,5,2025,8,465.55
user_027,6,2025,5,137.16
user_027,7,2025,16,256.68
user_027,8,2025,13,463.20
user_027,9,2025,6,200.87
user_027,10,2025,6,387.70
user_027,11,2025,7,238.35
user_027,12,2025,2,395.92
user_028,1,2025,7,380.72
user_028,2,2025,2,305.18
user_028,3,2025,12,162.73
user_028,4,2025,1,279.57
user_028,5,2025,20,465.90
user_028,6,2025,11,457.92
user_028,7,2025,20,345.43
user_028,8,2025,10,419.65
user_028,9,2025,8,83.40
user_028,10,2025,18,421.43
user_028,11,2025,10,157.33
user_028,12,2025,14,99.92
user_029,1,2025,9,231.31
user_029,2,2025,10,292.89
user_029,3,2025,12,412.47
user_029,4,2025,12,362.98
user_029,5,2025,20,82.12
user_029,6,2025,4,509.31
user_029,7,2025,12,51.94
user_029,8,2025,15,80.75
user_029,9,2025,7,75.67
user_029,10,2025,17,200.88
user_029,11,2025,7,108.22
user_029,12,2025,16,325.34
user_030,1,2025,10,415.67
user_030,2,2025,15,135.75
user_030,3,2025,17,501.19
user_030,4,2025,18,207.63
user_030,5,2025,20,179.17
user_030,6,2025,9,89.64
user_030,7,2025,4,539.96
user_030,8,2025,17,342.36
user_030,9,2025,3,425.71
user_030,10,2025,20,514.59
user_030,11,2025,14,427.88
user_030,12,2025,18,101.48
user_031,1,2025,9,359.77
user_031,2,2025,6,435.57
user_031,3,2025,7,431.44
user_031,4,2025,7,416.38
user_031,5,2025,14,495.04
user_031,6,2025,2,178.74
user_031,7,2025,10,77.55
user_031,8,2025,17,69.05
user_031,9,2025,2,528.00
user_031,10,2025,3,62.67
user_031,11,2025,10,149.46
user_031,12,2025,15,232.30
user_032,1,2025,2,383.25
user_032,2,2025,18,146.34
user_032,3,2025,18,456.17
user_032,4,2025,20,397.48
user_032,5,2025,20,196.64
user_032,6,2025,18,306.88
user_032,7,2025,13,439.49
user_032,8,2025,17,226.24
user_032,9,2025,10,266.29
user_032,10,2025,9,296.36
user_032,11,2025,12,211.50
user_032,12,2025,19,102.64
user_033,1,2025,19,134.61
user_033,2,2025,15,207.30
user_033,3,2025,15,377.04
user_033,4,2025,15,278.47
user_033,5,2025,12,312.49
user_033,6,2025,4,235.68
user_033,7,2025,3,66.73
user_033,8,2025,17,473.33
user_033,9,2025,10,389.53
user_033,10,2025,5,433.09
user_033,11,2025,2,404.86
user_033,12,2025,9,115.72
user_034,1,2025,1,324.83
user_034,2,2025,18,313.54
user_034,3,2025,16,223.18
user_034,4,2025,19,503.18
user_034,5,2025,9,261.30
user_034,6,2025,3,336.23
user_034,7,2025,1,176.99
user_034,8,2025,16,362.60
user_034,9,2025,3,437.28
user_034,10,2025,5,347.14
user_034,11,2025,6,300.72
user_034,12,2025,18,172.07
user_035,1,2025,5,471.56
user_035,2,2025,10,259.92
user_035,3,2025,20,354.81
user_035,4,2025,16,152.97
user_035,5,2025,14,455.24
user_035,6,2025,17,208.04
user_035,7,2025,17,104.47
user_035,8,2025,9,225.87
user_035,9,2025,13,77.74
user_035,10,2025,8,467.53
user_035,11,2025,1,409.81
user_035,12,2025,15,411.08
user_036,1,2025,11,270.59
user_036,2,2025,18,542.62
user_036,3,2025,16,521.42
user_036,4,2025,13,164.69
user_036,5,2025,3,219.06
user_036,6,2025,19,259.77
user_036,7,2025,11,72.05
user_036,8,2025,10,170.28
user_036,9,2025,18,393.92
user_036,10,2025,2,446.24
user_036,11,2025,16,468.90
user_036,12,2025,20,348.04
user_037,1,2025,13,376.07
user_037,2,2025,16,197.48
user_037,3,2025,6,209.30
user_037,4,2025,12,54.19
user_037,5,2025,16,88.43
user_037,6,2025,16,544.54
user_037,7,2025,7,512.59
user_037,8,2025,3,479.92
user_037,9,2025,13,440.23
user_037,10,2025,18,481.25
user_037,11,2025,13,504.96
user_037,12,2025,2,267.91
user_038,1,2025,5,221.56
user_038,2,2025,15,363.67
user_038,3,2025,6,376.51
user_038,4,2025,19,396.08
user_038,5,2025,6,544.86
user_038,6,2025,13,417.66
user_038,7,2025,1,52.58
user_038,8,2025,9,329.61
user_038,9,2025,8,458.82
user_038,10,2025,15,197.51
user_038,11,2025,15,62.19
user_038,12,2025,17,382.56
user_039,1,2025,12,497.11
user_039,2,2025,19,241.12
user_039,3,2025,19,349.87
user_039,4,2025,10,362.29
user_039,5,2025,15,92.11
user_039,6,2025,8,165.05
user_039,7,2025,8,455.76
user_039,8,2025,5,96.93
user_039,9,2025,12,390.44
user_039,10,2025,5,55.38
user_039,11,2025,15,387.08
user_039,12,2025,2,106.54
user_040,1,2025,16,443.15
user_040,2,2025,7,467.26
user_040,3,2025,17,93.46
user_040,4,2025,9,543.30
user_040,5,2025,3,348.26
user_040,6,2025,8,354.91
user_040,7,2025,18,74.01
user_040,8,2025,7,525.51
user_040,9,2025,20,84.70
user_040,10,2025,6,401.54
user_040,11,2025,2,323.82
user_040,12,2025,13,537.01
user_041,1,2025,1,140.11
user_041,2,2025,16,247.08
user_041,3,2025,10,253.00
user_041,4,2025,8,262.94
user_041,5,2025,9,372.01
user_041,6,2025,10,138.83
user_041,7,2025,1,522.33
user_041,8,2025,14,525.51
user_041,9,2025,7,473.67
user_041,10,2025,17,319.77
user_041,11,2025,12,177.12
user_041,12,2025,19,406.02
user_042,1,2025,15,429.76
user_042,2,2025,9,70.62
user_042,3,2025,5,276.11
user_042,4,2025,17,55.43
user_042,5,2025,17,174.54
user_042,6,2025,8,508.15
user_042,7,2025,5,528.77
user_042,8,2025,18,202.96
user_042,9,2025,12,401.30
user_042,10,2025,3,82.21
user_042,11,2025,18,482.27
user_042,12,2025,20,476.43
user_043,1,2025,13,528.93
user_043,2,2025,5,513.71
user_043,3,2025,1,321.80
user_043,4,2025,2,181.62
user_043,5,2025,2,338.59
user_043,6,2025,6,516.72
user_043,7,2025,5,95.03
user_043,8,2025,8,454.79
user_043,9,2025,7,85.66
user_043,10,2025,8,320.54
user_043,11,2025,18,388.93
user_043,12,2025,9,257.68
user_044,1,2025,14,421.86
user_044,2,2025,4,543.87
user_044,3,2025,6,156.77
user_044,4,2025,10,440.82
user_044,5,2025,17,404.23
user_044,6,2025,13,208.34
user_044,7,2025,2,209.62
user_044,8,2025,4,400.72
user_044,9,2025,13,244.34
user_044,10,2025,2,177.86
user_044,11,2025,20,447.09
user_044,12,2025,5,401.04
user_045,1,2025,11,248.67
user_045,2,2025,4,473.58
user_045,3,2025,16,315.51
user_045,4,2025,10,454.40
user_045,5,2025,9,407.97
user_045,6,2025,2,547.94
user_045,7,2025,19,546.09
user_045,8,2025,20,94.57
user_045,9,2025,10,164.00
user_045,10,2025,1,440.49
user_045,11,2025,20,514.76
user_045,12,2025,19,498.77
user_046,1,2025,3,459.09
user_046,2,2025,3,59.42
user_046,3,2025,12,438.00
user_046,4,2025,17,72.94
user_046,5,2025,3,420.69
user_046,6,2025,10,391.14
user_046,7,2025,10,391.72
user_046,8,2025,20,380.75
user_046,9,2025,3,122.23
user_046,10,2025,5,492.70
user_046,11,2025,16,456.94
user_046,12,2025,8,192.48
user_047,1,2025,15,377.74
user_047,2,2025,6,393.60
user_047,3,2025,15,231.36
user_047,4,2025,3,454.49
user_047,5,2025,2,305.07
user_047,6,2025,17,549.52
user_047,7,2025,1,400.56
user_047,8,2025,9,265.80
user_047,9,2025,9,216.73
user_047,10,2025,11,50.50
user_047,11,2025,17,245.10
user_047,12,2025,9,503.29
user_048,1,2025,18,474.66
user_048,2,2025,7,226.24
user_048,3,2025,2,67.96
user_048,4,2025,19,513.00
user_048,5,2025,5,456.15
user_048,6,2025,19,102.11
user_048,7,2025,16,460.13
user_048,8,2025,1,432.51
user_048,9,2025,12,320.12
user_048,10,2025,17,213.01
user_048,11,2025,9,254.19
user_048,12,2025,18,289.85
user_049,1,2025,10,261.56
user_049,2,2025,2,57.50
user_049,3,2025,16,160.98
user_049,4,2025,6,276.41
user_049,5,2025,1,190.82
user_049,6,2025,20,99.06
user_049,7,2025,19,449.62
user_049,8,2025,11,372.18
user_049,9,2025,2,67.88
user_049,10,2025,11,270.14
user_049,11,2025,1,361.97
user_049,12,2025,4,490.75
user_050,1,2025,3,203.48
user_050,2,2025,4,467.80
user_050,3,2025,20,213.37
user_050,4,2025,20,344.87
user_050,5,2025,8,309.27
user_050,6,2025,13,293.55
user_050,7,2025,7,267.14
user_050,8,2025,13,425.61
user_050,9,2025,12,214.49
user_050,10,2025,18,403.80
user_050,11,2025,18,481.33
user_050,12,2025,11,69.71
user_051,1,2025,4,523.16
user_051,2,2025,12,378.90
user_051,3,2025,20,308.42
user_051,4,2025,20,153.01
user_051,5,2025,5,111.35
user_051,6,2025,19,107.60
user_051,7,2025,13,521.17
user_051,8,2025,16,456.27
user_051,9,2025,6,515.38
user_051,10,2025,3,511.99
user_051,11,2025,3,64.55
user_051,12,2025,5,549.05
user_052,1,2025,2,151.77
user_052,2,2025,16,87.22
user_052,3,2025,15,328.62
user_052,4,2025,12,342.31
user_052,5,2025,11,420.06
user_052,6,2025,1,281.93
user_052,7,2025,10,78.94
user_052,8,2025,12,529.97
user_052,9,2025,1,257.13
user_052,10,2025,7,270.36
user_052,11,2025,13,188.53
user_052,12,2025,8,182.81
user_053,1,2025,5,241.15
user_053,2,2025,11,395.60
user_053,3,2025,17,456.05
user_053,4,2025,6,245.13
user_053,5,2025,12,181.95
user_053,6,2025,13,52.14
user_053,7,2025,4,300.59
user_053,8,2025,12,485.79
user_053,9,2025,12,497.01
user_053,10,2025,19,144.83
user_053,11,2025,9,273.63
user_053,12,2025,12,362.67
user_054,1,2025,15,294.31
user_054,2,2025,9,455.94
user_054,3,2025,12,57.10
user_054,4,2025,12,104.57
user_054,5,2025,20,474.65
user_054,6,2025,6,363.51
user_054,7,2025,18,384.79
user_054,8,2025,13,434.54
user_054,9,2025,14,354.77
user_054,10,2025,6,245.69
user_054,11,2025,20,126.46
user_054,12,2025,8,539.36
user_055,1,2025,12,182.87
user_055,2,2025,20,498.76
user_055,3,2025,12,219.32
user_055,4,2025,8,243.77
user_055,5,2025,10,208.65
user_055,6,2025,14,549.08
user_055,7,2025,12,68.73
user_055,8,2025,2,329.51
user_055,9,2025,10,464.92
user_055,10,2025,11,545.28
user_055,11,2025,12,327.98
user_055,12,2025,17,549.88
user_056,1,2025,18,536.88
user_056,2,2025,18,265.35
user_056,3,2025,11,110.54
user_056,4,2025,11,369.00
user_056,5,2025,5,510.64
user_056,6,2025,7,436.55
user_056,7,2025,9,503.64
user_056,8,2025,4,420.56
user_056,9,2025,13,372.45
user_056,10,2025,5,75.31
user_056,11,2025,8,542.74
user_056,12,2025,6,474.84
user_057,1,2025,13,80.95
user_057,2,2025,12,350.92
user_057,3,2025,6,359.85
user_057,4,2025,18,414.01
user_057,5,2025,16,239.90
user_057,6,2025,7,230.09
user_057,7,2025,18,184.97
user_057,8,2025,17,515.84
user_057,9,2025,9,493.29
user_057,10,2025,9,332.34
user_057,11,2025,7,506.75
user_057,12,2025,13,140.70
user_058,1,2025,19,125.83
user_058,2,2025,1,330.07
user_058,3,2025,20,223.57
user_058,4,2025,7,52.14
user_058,5,2025,2,384.16
user_058,6,2025,5,205.17
user_058,7,2025,6,476.46
user_058,8,2025,12,103.22
user_058,9,2025,1,409.11
user_058,10,2025,11,95.11
user_058,11,2025,10,464.19
user_058,12,2025,9,126.02
user_059,1,2025,1,338.23
user_059,2,2025,15,316.06
user_059,3,2025,1,350.42
user_059,4,2025,4,468.15
user_059,5,2025,12,52.01
user_059,6,2025,15,111.13
user_059,7,2025,8,287.37
user_059,8,2025,3,331.09
user_059,9,2025,13,95.47
user_059,10,2025,12,331.80
user_059,11,2025,9,373.07
user_059,12,2025,15,197.17
user_060,1,2025,3,190.86
user_060,2,2025,1,109.24
user_060,3,2025,14,184.28
user_060,4,2025,3,230.73
user_060,5,2025,8,257.80
user_060,6,2025,3,229.32
user_060,7,2025,18,175.94
user_060,8,2025,5,528.75
user_060,9,2025,18,433.77
user_060,10,2025,11,226.71
user_060,11,2025,9,111.30
user_060,12,2025,20,428.12
user_061,1,2025,15,186.55
user_061,2,2025,5,290.75
user_061,3,2025,15,268.02
user_061,4,2025,8,408.71
user_061,5,2025,20,353.54
user_061,6,2025,12,61.21
user_061,7,2025,3,73.70
user_061,8,2025,10,70.95
user_061,9,2025,14,262.13
user_061,10,2025,2,271.41
user_061,11,2025,17,228.68
user_061,12,2025,17,105.21
user_062,1,2025,3,303.81
user_062,2,2025,19,77.13
user_062,3,2025,15,464.15
user_062,4,2025,11,458.84
user_062,5,2025,3,273.93
user_062,6,2025,3,118.43
user_062,7,2025,9,536.60
user_062,8,2025,15,91.12
user_062,9,2025,13,291.97
user_062,10,2025,10,132.22
user_062,11,2025,2,160.52
user_062,12,2025,9,100.91
user_063,1,2025,18,178.49
user_063,2,2025,3,138.12
user_063,3,2025,4,423.76
user_063,4,2025,17,287.47
user_063,5,2025,2,154.70
user_063,6,2025,20,478.79
user_063,7,2025,20,345.32
user_063,8,2025,7,113.34
user_063,9,2025,10,535.81
user_063,10,2025,13,240.70
user_063,11,2025,19,204.84
user_063,12,2025,19,107.97
user_064,1,2025,5,530.82
user_064,2,2025,17,118.42
user_064,3,2025,3,306.20
user_064,4,2025,18,348.39
user_064,5,2025,3,301.73
user_064,6,2025,14,309.23
user_064,7,2025,19,520.05
user_064,8,2025,3,440.44
user_064,9,2025,2,467.76
user_064,10,2025,4,259.79
user_064,11,2025,10,461.02
user_064,12,2025,7,350.65
user_065,1,2025,18,302.01
user_065,2,2025,8,260.17
user_065,3,2025,2,314.79
user_065,4,2025,18,320.87
user_065,5,2025,19,165.47
user_065,6,2025,7,147.92
user_065,7,2025,17,189.57
user_065,8,2025,4,403.09
user_065,9,2025,12,393.29
user_065,10,2025,16,410.80
user_065,11,2025,11,62.66
user_065,12,2025,6,429.82
user_066,1,2025,5,123.49
user_066,2,2025,1,74.32
user_066,3,2025,10,175.05
user_066,4,2025,5,238.30
user_066,5,2025,3,349.39
user_066,6,2025,3,484.83
user_066,7,2025,19,522.57
user_066,8,2025,7,469.09
user_066,9,2025,13,485.35
user_066,10,2025,2,316.59
user_066,11,2025,5,168.70
user_066,12,2025,6,149.20
user_067,1,2025,4,299.96
user_067,2,2025,5,362.31
user_067,3,2025,11,125.76
user_067,4,2025,11,56.54
user_067,5,2025,10,545.12
user_067,6,2025,15,260.28
user_067,7,2025,2,135.70
user_067,8,2025,10,455.84
user_067,9,2025,4,224.22
user_067,10,2025,19,398.70
user_067,11,2025,4,435.35
user_067,12,2025,20,369.77
user_068,1,2025,16,60.50
user_068,2,2025,2,287.01
user_068,3,2025,14,56.95
user_068,4,2025,16,398.80
user_068,5,2025,20,338.15
user_068,6,2025,20,539.72
user_068,7,2025,18,115.26
user_068,8,2025,1,431.38
user_068,9,2025,13,271.06
user_068,10,2025,3,329.05
user_068,11,2025,7,390.70
user_068,12,2025,14,446.11
user_069,1,2025,1,549.01
user_069,2,2025,12,106.65
user_069,3,2025,15,536.38
user_069,4,2025,12,476.32
user_069,5,2025,16,383.34
user_069,6,2025,16,210.24
user_069,7,2025,2,103.05
user_069,8,2025,8,394.38
user_069,9,2025,6,302.82
user_069,10,2025,13,50.29
user_069,11,2025,3,248.62
user_069,12,2025,16,346.79
user_070,1,2025,5,506.85
user_070,2,2025,13,477.70
user_070,3,2025,2,149.69
user_070,4,2025,10,251.63
user_070,5,2025,8,86.32
user_070,6,2025,4,335.66
user_070,7,2025,15,279.67
user_070,8,2025,13,464.64
user_070,9,2025,15,147.45
user_070,10,2025,2,367.06
user_070,11,2025,3,283.10
user_070,12,2025,18,245.08
user_071,1,2025,5,327.65
user_071,2,2025,5,333.20
user_071,3,2025,10,463.53
user_071,4,2025,15,181.20
user_071,5,2025,8,365.88
user_071,6,2025,3,256.14
user_071,7,2025,16,498.35
user_071,8,2025,12,269.47
user_071,9,2025,18,499.56
user_071,10,2025,13,391.32
user_071,11,2025,6,404.63
user_071,12,2025,7,357.98
user_072,1,2025,8,77.75
user_072,2,2025,13,457.14
user_072,3,2025,8,464.73
user_072,4,2025,9,335.05
user_072,5,2025,1,491.55
user_072,6,2025,10,470.32
user_072,7,2025,8,505.00
user_072,8,2025,18,278.87
user_072,9,2025,7,238.90
user_072,10,2025,12,246.88
user_072,11,2025,6,256.80
user_072,12,2025,4,314.20
user_073,1,2025,3,420.12
user_073,2,2025,13,207.60
user_073,3,2025,16,531.93
user_073,4,2025,10,254.75
user_073,5,2025,16,141.81
user_073,6,2025,1,348.64
user_073,7,2025,9,507.63
user_073,8,2025,11,79.01
user_073,9,2025,15,311.89
user_073,10,2025,1,220.10
user_073,11,2025,4,435.48
user_073,12,2025,9,537.16
user_074,1,2025,8,320.87
user_074,2,2025,3,260.84
user_074,3,2025,20,331.31
user_074,4,2025,12,283.96
user_074,5,2025,6,528.78
user_074,6,2025,17,172.06
user_074,7,2025,1,163.17
user_074,8,2025,16,407.81
user_074,9,2025,20,415.63
user_074,10,2025,20,72.07
user_074,11,2025,3,413.62
user_074,12,2025,8,79.73
user_075,1,2025,17,151.43
user_075,2,2025,16,498.09
user_075,3,2025,16,104.92
user_075,4,2025,20,401.49
user_075,5,2025,12,90.28
user_075,6,2025,11,160.38
user_075,7,2025,4,113.04
user_075,8,2025,17,405.89
user_075,9,2025,19,82.06
user_075,10,2025,20,120.86
user_075,11,2025,15,392.17
user_075,12,2025,8,482.78
user_076,1,2025,10,186.74
user_076,2,2025,3,447.76
user_076,3,2025,13,163.19
user_076,4,2025,11,266.75
user_076,5,2025,20,274.21
user_076,6,2025,3,368.46
user_076,7,2025,9,487.34
user_076,8,2025,1,111.24
user_076,9,2025,1,501.17
user_076,10,2025,8,498.02
user_076,11,2025,20,487.40
user_076,12,2025,1,271.53
user_077,1,2025,11,282.63
user_077,2,2025,12,449.03
user_077,3,2025,6,380.88
user_077,4,2025,3,325.70
user_077,5,2025,12,96.86
user_077,6,2025,7,208.33
user_077,7,2025,2,127.91
user_077,8,2025,6,253.64
user_077,9,2025,4,239.91
user_077,10,2025,10,248.96
user_077,11,2025,6,477.32
user_077,12,2025,13,115.27
user_078,1,2025,14,505.47
user_078,2,2025,3,81.05
user_078,3,2025,6,420.35
user_078,4,2025,1,278.94
user_078,5,2025,3,195.98
user_078,6,2025,11,336.94
user_078,7,2025,11,311.96
user_078,8,2025,1,326.03
user_078,9,2025,10,364.80
user_078,10,2025,5,367.71
user_078,11,2025,13,422.00
user_078,12,2025,2,237.12
user_079,1,2025,16,128.32
user_079,2,2025,10,493.91
user_079,3,2025,15,270.69
user_079,4,2025,19,134.09
user_079,5,2025,2,273.89
user_079,6,2025,14,80.36
user_079,7,2025,20,297.71
user_079,8,2025,20,149.55
user_079,9,2025,2,79.34
user_079,10,2025,11,70.04
user_079,11,2025,18,398.27
user_079,12,2025,10,106.40
user_080,1,2025,8,414.38
user_080,2,2025,15,346.89
user_080,3,2025,5,491.41
user_080,4,2025,13,68.84
user_080,5,2025,6,430.39
user_080,6,2025,20,391.88
user_080,7,2025,18,285.67
user_080,8,2025,16,265.18
user_080,9,2025,19,270.00
user_080,10,2025,10,175.21
user_080,11,2025,13,369.27
user_080,12,2025,5,525.31
user_081,1,2025,9,303.83
user_081,2,2025,16,429.20
user_081,3,2025,5,111.52
user_081,4,2025,14,323.95
user_081,5,2025,15,153.78
user_081,6,2025,9,499.51
user_081,7,2025,16,436.41
user_081,8,2025,13,334.19
user_081,9,2025,13,409.29
user_081,10,2025,4,300.73
user_081,11,2025,8,209.54
user_081,12,2025,4,167.46
user_082,1,2025,7,371.95
user_082,2,2025,9,166.67
user_082,3,2025,20,157.60
user_082,4,2025,15,330.82
user_082,5,2025,1,119.83
user_082,6,2025,20,143.62
user_082,7,2025,20,467.08
user_082,8,2025,14,345.85
user_082,9,2025,13,120.99
user_082,10,2025,8,251.27
user_082,11,2025,11,204.49
user_082,12,2025,13,249.40
user_083,1,2025,1,517.67
user_083,2,2025,6,112.38
user_083,3,2025,10,65.32
user_083,4,2025,11,89.59
user_083,5,2025,4,129.29
user_083,6,2025,2,151.29
user_083,7,2025,17,356.05
user_083,8,2025,2,387.20
user_083,9,2025,12,58.34
user_083,10,2025,10,509.19
user_083,11,2025,9,363.11
user_083,12,2025,20,250.67
user_084,1,2025,20,373.92
user_084,2,2025,12,238.56
user_084,3,2025,6,546.62
user_084,4,2025,15,314.84
user_084,5,2025,3,436.46
user_084,6,2025,14,176.44
user_084,7,2025,14,250.63
user_084,8,2025,5,378.97
user_084,9,2025,15,542.23
user_084,10,2025,11,525.14
user_084,11,2025,19,373.51
user_084,12,2025,16,208.37
user_085,1,2025,3,468.63
user_085,2,2025,11,162.55
user_085,3,2025,11,328.35
user_085,4,2025,14,143.34
user_085,5,2025,18,513.03
user_085,6,2025,8,304.39
user_085,7,2025,14,366.86
user_085,8,2025,15,160.76
user_085,9,2025,7,492.87
user_085,10,2025,5,129.28
user_085,11,2025,7,290.76
user_085,12,2025,10,103.93
user_086,1,2025,12,214.17
user_086,2,2025,12,292.72
user_086,3,2025,3,476.84
user_086,4,2025,10,130.98
user_086,5,2025,13,129.00
user_086,6,2025,19,545.39
user_086,7,2025,2,508.98
user_086,8,2025,5,186.81
user_086,9,2025,14,452.47
user_086,10,2025,9,331.72
user_086,11,2025,14,220.58
user_086,12,2025,8,530.47
user_087,1,2025,8,262.19
user_087,2,2025,1,82.18
user_087,3,2025,7,181.80
user_087,4,2025,9,126.84
user_087,5,2025,2,355.96
user_087,6,2025,12,60.77
user_087,7,2025,3,139.88
user_087,8,2025,4,423.40
user_087,9,2025,1,50.58
user_087,10,2025,1,339.06
user_087,11,2025,6,157.65
user_087,12,2025,16,497.53
user_088,1,2025,18,547.44
user_088,2,2025,18,516.88
user_088,3,2025,12,201.47
user_088,4,2025,14,536.96
user_088,5,2025,3,475.74
user_088,6,2025,9,454.59
user_088,7,2025,5,253.52
user_088,8,2025,19,525.13
user_088,9,2025,12,531.25
user_088,10,2025,17,63.89
user_088,11,2025,16,132.40
user_088,12,2025,11,264.44
user_089,1,2025,8,211.74
user_089,2,2025,1,355.72
user_089,3,2025,18,167.84
user_089,4,2025,1,205.52
user_089,5,2025,8,119.49
user_089,6,2025,17,525.00
user_089,7,2025,13,343.41
user_089,8,2025,7,314.95
user_089,9,2025,6,381.77
user_089,10,2025,6,342.01
user_089,11,2025,5,115.38
user_089,12,2025,20,348.04
user_090,1,2025,10,77.36
user_090,2,2025,3,402.04
user_090,3,2025,2,339.30
user_090,4,2025,13,516.67
user_090,5,2025,19,248.58
user_090,6,2025,14,439.50
user_090,7,2025,7,105.96
user_090,8,2025,18,202.51
user_090,9,2025,16,405.38
user_090,10,2025,20,516.60
user_090,11,2025,4,385.97
user_090,12,2025,20,517.66
user_091,1,2025,4,438.29
user_091,2,2025,9,195.27
user_091,3,2025,14,188.56
user_091,4,2025,5,454.60
user_091,5,2025,7,377.57
user_091,6,2025,14,267.13
user_091,7,2025,20,244.00
user_091,8,2025,17,470.95
user_091,9,2025,11,509.78
user_091,10,2025,10,528.65
user_091,11,2025,13,220.23
user_091,12,2025,2,75.13
user_092,1,2025,9,182.77
user_092,2,2025,14,162.77
user_092,3,2025,9,312.71
user_092,4,2025,8,497.33
user_092,5,2025,2,225.47
user_092,6,2025,4,183.51
user_092,7,2025,4,310.42
user_092,8,2025,14,119.48
user_092,9,2025,15,325.44
user_092,10,2025,13,275.49
user_092,11,2025,5,435.28
user_092,12,2025,11,508.58
user_093,1,2025,6,468.47
user_093,2,2025,12,404.71
user_093,3,2025,20,438.42
user_093,4,2025,13,238.92
user_093,5,2025,17,296.40
user_093,6,2025,10,273.29
user_093,7,2025,2,444.09
user_093,8,2025,4,237.88
user_093,9,2025,15,438.66
user_093,10,2025,6,181.67
user_093,11,2025,19,192.86
user_093,12,2025,15,117.12
user_094,1,2025,4,373.69
user_094,2,2025,7,325.84
user_094,3,2025,15,228.61
user_094,4,2025,6,165.43
user_094,5,2025,20,241.40
user_094,6,2025,6,376.01
user_094,7,2025,2,322.47
user_094,8,2025,20,353.48
user_094,9,2025,3,372.03
user_094,10,2025,3,412.85
user_094,11,2025,2,359.22
user_094,12,2025,6,175.83
user_095,1,2025,16,334.55
user_095,2,2025,10,544.14
user_095,3,2025,2,321.72
user_095,4,2025,10,123.55
user_095,5,2025,7,324.57
user_095,6,2025,12,265.89
user_095,7,2025,11,208.31
user_095,8,2025,15,111.15
user_095,9,2025,6,497.41
user_095,10,2025,15,301.46
user_095,11,2025,12,261.29
user_095,12,2025,10,477.99
user_096,1,2025,18,343.82
user_096,2,2025,7,189.38
user_096,3,2025,3,315.05
user_096,4,2025,13,387.32
user_096,5,2025,14,166.97
user_096,6,2025,11,308.96
user_096,7,2025,4,249.96
user_096,8,2025,4,513.92
user_096,9,2025,13,315.57
user_096,10,2025,2,268.72
user_096,11,2025,3,183.51
user_096,12,2025,20,305.87
user_097,1,2025,13,309.16
user_097,2,2025,2,285.94
user_097,3,2025,17,452.85
user_097,4,2025,15,176.95
user_097,5,2025,9,357.90
user_097,6,2025,18,135.73
user_097,7,2025,12,332.90
user_097,8,2025,13,199.73
user_097,9,2025,10,530.96
user_097,10,2025,7,131.66
user_097,11,2025,13,340.74
user_097,12,2025,4,182.22
user_098,1,2025,12,523.15
user_098,2,2025,20,297.83
user_098,3,2025,7,365.31
user_098,4,2025,20,293.64
user_098,5,2025,4,58.74
user_098,6,2025,2,132.88
user_098,7,2025,4,77.93
user_098,8,2025,13,267.93
user_098,9,2025,18,456.04
user_098,10,2025,4,444.38
user_098,11,2025,11,184.28
user_098,12,2025,17,493.99
user_099,1,2025,5,544.72
user_099,2,2025,12,155.57
user_099,3,2025,14,260.32
user_099,4,2025,19,320.19
user_099,5,2025,10,267.09
user_099,6,2025,10,210.50
user_099,7,2025,11,530.67
user_099,8,2025,1,454.96
user_099,9,2025,12,138.72
user_099,10,2025,17,144.40
user_099,11,2025,17,62.49
user_099,12,2025,5,268.16
user_100,1,2025,4,258.17
user_100,2,2025,4,413.55
user_100,3,2025,13,160.66
user_100,4,2025,12,429.94
user_100,5,2025,11,77.36
user_100,6,2025,2,528.63
user_100,7,2025,17,144.46
user_100,8,2025,6,277.71
user_100,9,2025,19,432.29
user_100,10,2025,4,314.79
user_100,11,2025,13,236.93
user_100,12,2025,8,108.20
